{"accuracy": [0.6125613451004028, 0.8652962446212769, 0.9173910021781921, 0.9422718286514282, 0.9566398859024048, 0.9648481607437134, 0.9728999137878418, 0.9761576056480408, 0.9793157577514648, 0.9830998182296753], "loss": [1.31917142868042, 0.4199684262275696, 0.25422152876853943, 0.1763271987438202, 0.132105752825737, 0.10680293291807175, 0.08436506986618042, 0.07233617454767227, 0.06455418467521667, 0.054157961159944534], "val_accuracy": [0.8525494933128357, 0.9230024814605713, 0.9383109211921692, 0.9450830817222595, 0.9573184847831726, 0.9642044305801392, 0.9568063020706177, 0.9652856588363647, 0.9706351161003113, 0.952481210231781], "val_loss": [0.47296813130378723, 0.24292133748531342, 0.19062699377536774, 0.16713154315948486, 0.1396910697221756, 0.11251150071620941, 0.1393156349658966, 0.12166524678468704, 0.09469074755907059, 0.16374102234840393]}